x,y,z
560.000039 ,-559.999961 ,-5
560.000039 ,-559.999961 ,-5
560.000039 ,-559.999961 ,-5
560.000039 ,-559.999961 ,-5
560.000039 ,-559.999961 ,-5
559.986094 ,-559.972695 ,-5
559.926445 ,-559.855117 ,-5
559.810078 ,-559.624688 ,-5
559.663711 ,-559.333086 ,-5
559.479961 ,-558.965820 ,-5
559.233711 ,-558.472656 ,-5
558.975352 ,-557.954805 ,-5
558.682969 ,-557.368789 ,-5
558.357188 ,-556.716016 ,-5
557.998047 ,-555.996602 ,-5
557.615195 ,-555.230078 ,-5
557.221797 ,-554.442500 ,-5
556.787383 ,-553.573125 ,-5
556.313125 ,-552.624336 ,-5
555.741250 ,-551.480391 ,-5
555.188125 ,-550.374141 ,-5
554.600352 ,-549.198790 ,-5
553.979453 ,-547.957383 ,-5
553.347774 ,-546.694414 ,-5
552.729688 ,-545.458438 ,-5
552.146445 ,-544.292266 ,-5
551.612148 ,-543.223829 ,-5
551.130235 ,-542.259962 ,-5
550.697774 ,-541.395039 ,-5
550.307695 ,-540.614727 ,-5
549.952852 ,-539.905001 ,-5
549.625352 ,-539.249844 ,-5
549.318008 ,-538.635197 ,-5
549.020742 ,-538.040703 ,-5
548.722071 ,-537.443516 ,-5
548.413672 ,-536.826681 ,-5
548.091211 ,-536.181837 ,-5
547.753516 ,-535.506641 ,-5
547.402539 ,-534.804766 ,-5
547.041563 ,-534.082930 ,-5
546.677578 ,-533.355040 ,-5
546.316524 ,-532.633165 ,-5
545.964805 ,-531.929766 ,-5
545.622735 ,-531.245665 ,-5
545.290743 ,-530.581095 ,-5
544.965391 ,-529.930000 ,-5
544.643594 ,-529.286173 ,-5
544.321758 ,-528.642422 ,-5
543.997110 ,-527.993046 ,-5
543.667812 ,-527.334534 ,-5
543.333399 ,-526.665859 ,-5
542.994375 ,-525.988010 ,-5
542.653242 ,-525.305664 ,-5
542.312735 ,-524.624882 ,-5
541.938398 ,-523.876171 ,-5
541.600351 ,-523.200001 ,-5
541.262304 ,-522.523674 ,-5
540.925468 ,-521.850040 ,-5
540.589142 ,-521.177578 ,-5
540.253477 ,-520.506367 ,-5
539.918554 ,-519.836720 ,-5
539.584219 ,-519.168205 ,-5
539.250235 ,-518.500195 ,-5
538.916134 ,-517.832069 ,-5
538.581640 ,-517.163204 ,-5
538.246719 ,-516.493359 ,-5
537.911289 ,-515.822578 ,-5
537.575508 ,-515.151134 ,-5
537.239414 ,-514.479023 ,-5
536.903399 ,-513.807034 ,-5
536.567539 ,-513.135235 ,-5
536.231798 ,-512.463867 ,-5
535.896406 ,-511.793011 ,-5
535.561016 ,-511.122383 ,-5
535.225939 ,-510.451954 ,-5
534.890900 ,-509.781563 ,-5
534.518595 ,-509.036602 ,-5
534.183359 ,-508.366135 ,-5
533.885235 ,-507.770000 ,-5
533.549805 ,-507.099220 ,-5
533.214376 ,-506.428242 ,-5
532.878750 ,-505.757187 ,-5
532.543087 ,-505.086094 ,-5
532.207619 ,-504.415081 ,-5
531.872189 ,-503.744064 ,-5
531.499533 ,-502.998711 ,-5
531.164141 ,-502.327930 ,-5
530.828751 ,-501.657150 ,-5
530.493361 ,-500.986370 ,-5
530.157969 ,-500.315586 ,-5
529.822578 ,-499.644806 ,-5
529.487188 ,-498.974026 ,-5
529.151758 ,-498.303242 ,-5
528.816406 ,-497.632462 ,-5
528.481016 ,-496.961681 ,-5
528.145626 ,-496.290901 ,-5
527.810234 ,-495.620117 ,-5
527.474846 ,-494.949341 ,-5
527.139454 ,-494.278557 ,-5
526.804062 ,-493.607773 ,-5
526.468674 ,-492.936996 ,-5
526.133244 ,-492.266174 ,-5
525.797852 ,-491.595390 ,-5
525.462463 ,-490.924614 ,-5
525.127071 ,-490.253830 ,-5
524.754414 ,-489.508514 ,-5
524.419025 ,-488.837738 ,-5
524.083633 ,-488.166954 ,-5
523.748241 ,-487.496170 ,-5
523.412853 ,-486.825394 ,-5
523.077461 ,-486.154610 ,-5
522.742069 ,-485.483833 ,-5
522.406681 ,-484.813049 ,-5
522.071289 ,-484.142265 ,-5
521.735901 ,-483.471489 ,-5
521.363243 ,-482.726173 ,-5
521.027851 ,-482.055389 ,-5
520.692463 ,-481.384613 ,-5
520.357071 ,-480.713829 ,-5
520.021679 ,-480.043045 ,-5
519.686291 ,-479.372269 ,-5
519.350899 ,-478.701485 ,-5
519.015511 ,-478.030708 ,-5
518.680119 ,-477.359924 ,-5
518.344727 ,-476.689140 ,-5
517.972073 ,-475.943832 ,-5
517.636681 ,-475.273048 ,-5
517.301289 ,-474.602264 ,-5
516.965900 ,-473.931488 ,-5
516.630508 ,-473.260704 ,-5
516.295116 ,-472.589920 ,-5
515.959728 ,-471.919144 ,-5
515.624336 ,-471.248360 ,-5
515.288948 ,-470.577583 ,-5
514.953556 ,-469.906799 ,-5
514.618164 ,-469.236015 ,-5
514.282776 ,-468.565239 ,-5
513.947384 ,-467.894455 ,-5
513.611992 ,-467.223671 ,-5
513.276604 ,-466.552895 ,-5
512.941212 ,-465.882111 ,-5
512.605820 ,-465.211327 ,-5
512.270432 ,-464.540550 ,-5
511.935040 ,-463.869766 ,-5
511.599609 ,-463.198906 ,-5
511.264221 ,-462.528130 ,-5
510.928829 ,-461.857346 ,-5
510.593437 ,-461.186562 ,-5
510.257931 ,-460.515511 ,-5
509.885273 ,-459.770195 ,-5
509.587151 ,-459.173950 ,-5
509.251759 ,-458.503166 ,-5
508.916367 ,-457.832382 ,-5
508.580978 ,-457.161606 ,-5
508.245548 ,-456.490784 ,-5
507.910156 ,-455.820000 ,-5
507.574768 ,-455.149223 ,-5
507.239376 ,-454.478439 ,-5
506.903984 ,-453.807655 ,-5
506.568596 ,-453.136879 ,-5
506.233204 ,-452.466095 ,-5
505.897812 ,-451.795319 ,-5
505.562424 ,-451.124535 ,-5
505.227032 ,-450.453751 ,-5
504.891644 ,-449.782974 ,-5
504.556252 ,-449.112190 ,-5
504.220860 ,-448.441406 ,-5
503.885471 ,-447.770630 ,-5
503.550079 ,-447.099846 ,-5
503.214687 ,-446.429062 ,-5
502.879299 ,-445.758286 ,-5
502.543907 ,-445.087502 ,-5
502.208515 ,-444.416718 ,-5
501.873127 ,-443.745941 ,-5
501.537735 ,-443.075157 ,-5
501.202347 ,-442.404381 ,-5
500.866955 ,-441.733597 ,-5
500.531563 ,-441.062813 ,-5
500.196175 ,-440.392036 ,-5
499.860783 ,-439.721252 ,-5
499.525391 ,-439.050468 ,-5
499.190002 ,-438.379692 ,-5
498.854610 ,-437.708908 ,-5
498.519218 ,-437.038124 ,-5
498.183830 ,-436.367348 ,-5
497.848438 ,-435.696564 ,-5
497.513050 ,-435.025787 ,-5
497.177658 ,-434.355003 ,-5
496.842266 ,-433.684219 ,-5
496.469612 ,-432.938911 ,-5
496.134220 ,-432.268127 ,-5
495.798828 ,-431.597351 ,-5
495.463402 ,-430.926529 ,-5
495.128006 ,-430.255753 ,-5
494.792618 ,-429.584961 ,-5
494.457230 ,-428.914185 ,-5
494.121834 ,-428.243408 ,-5
493.786407 ,-427.572586 ,-5
493.451019 ,-426.901794 ,-5
493.115623 ,-426.231018 ,-5
492.780235 ,-425.560242 ,-5
492.444847 ,-424.889450 ,-5
492.109451 ,-424.218674 ,-5
491.774063 ,-423.547897 ,-5
491.438675 ,-422.877106 ,-5
491.103279 ,-422.206329 ,-5
490.767891 ,-421.535553 ,-5
490.432503 ,-420.864761 ,-5
490.097115 ,-420.193954 ,-5
489.761719 ,-419.523163 ,-5
489.426331 ,-418.852386 ,-5
489.090942 ,-418.181610 ,-5
488.755547 ,-417.510818 ,-5
488.420158 ,-416.840042 ,-5
488.084770 ,-416.169266 ,-5
487.749374 ,-415.498474 ,-5
487.413986 ,-414.827698 ,-5
487.078598 ,-414.156921 ,-5
486.743202 ,-413.486099 ,-5
486.407814 ,-412.815323 ,-5
486.072426 ,-412.144531 ,-5
485.737030 ,-411.473755 ,-5
485.401642 ,-410.802979 ,-5
485.028984 ,-410.057663 ,-5
484.693596 ,-409.386871 ,-5
484.358170 ,-408.716019 ,-5
484.022774 ,-408.045242 ,-5
483.687386 ,-407.374451 ,-5
483.351997 ,-406.703674 ,-5
483.016602 ,-406.032898 ,-5
482.681213 ,-405.362106 ,-5
482.345825 ,-404.691330 ,-5
482.010391 ,-404.020508 ,-5
481.675003 ,-403.349731 ,-5
481.351723 ,-402.673553 ,-5
481.081841 ,-401.977814 ,-5
480.882774 ,-401.263443 ,-5
480.758202 ,-400.534775 ,-5
480.715942 ,-399.714996 ,-5
480.759804 ,-398.972778 ,-5
480.865746 ,-398.226990 ,-5
481.038010 ,-397.484726 ,-5
481.268631 ,-396.757736 ,-5
481.550667 ,-396.056915 ,-5
481.881210 ,-395.374420 ,-5
482.249649 ,-394.716248 ,-5
482.654022 ,-394.077072 ,-5
483.082542 ,-393.453278 ,-5
483.526917 ,-392.840118 ,-5
483.984375 ,-392.236649 ,-5
484.449104 ,-391.641647 ,-5
484.915115 ,-391.048050 ,-5
485.378441 ,-390.452667 ,-5
485.838127 ,-389.856369 ,-5
486.292267 ,-389.259460 ,-5
486.738243 ,-388.660309 ,-5
487.224922 ,-387.991287 ,-5
487.656013 ,-387.384918 ,-5
488.080391 ,-386.772934 ,-5
488.498985 ,-386.154922 ,-5
488.912582 ,-385.530975 ,-5
489.321762 ,-384.901566 ,-5
489.726135 ,-384.269028 ,-5
490.126717 ,-383.633560 ,-5
490.524063 ,-382.996292 ,-5
490.918831 ,-382.357269 ,-5
491.311447 ,-381.716965 ,-5
491.702660 ,-381.075821 ,-5
492.092461 ,-380.434372 ,-5
492.524338 ,-379.721649 ,-5
492.912582 ,-379.080399 ,-5
493.300743 ,-378.439499 ,-5
493.689178 ,-377.798904 ,-5
494.077934 ,-377.158371 ,-5
494.467072 ,-376.517853 ,-5
494.856834 ,-375.877350 ,-5
495.247192 ,-375.236847 ,-5
495.638008 ,-374.596405 ,-5
496.029339 ,-373.956299 ,-5
496.421055 ,-373.316483 ,-5
496.813087 ,-372.677002 ,-5
497.205196 ,-372.037888 ,-5
497.597580 ,-371.399139 ,-5
497.990120 ,-370.760391 ,-5
498.382854 ,-370.121872 ,-5
498.775940 ,-369.483398 ,-5
499.168987 ,-368.844620 ,-5
499.562424 ,-368.205826 ,-5
499.955784 ,-367.567078 ,-5
500.349140 ,-366.928360 ,-5
500.742542 ,-366.289612 ,-5
501.135941 ,-365.650864 ,-5
501.529339 ,-365.012192 ,-5
501.922737 ,-364.373749 ,-5
502.316093 ,-363.735321 ,-5
502.709141 ,-363.096848 ,-5
503.102188 ,-362.458405 ,-5
503.495197 ,-361.819962 ,-5
503.888245 ,-361.181183 ,-5
504.281292 ,-360.542389 ,-5
504.674335 ,-359.903595 ,-5
505.067383 ,-359.264816 ,-5
505.460430 ,-358.626022 ,-5
505.853477 ,-357.987228 ,-5
506.246525 ,-357.348434 ,-5
506.639572 ,-356.709656 ,-5
507.032619 ,-356.070862 ,-5
507.425667 ,-355.432068 ,-5
507.818710 ,-354.793289 ,-5
508.211758 ,-354.154495 ,-5
508.604805 ,-353.515701 ,-5
508.997852 ,-352.876923 ,-5
509.390900 ,-352.238129 ,-5
509.783947 ,-351.599335 ,-5
510.176994 ,-350.960556 ,-5
510.570042 ,-350.321762 ,-5
510.963085 ,-349.682968 ,-5
511.356251 ,-349.044266 ,-5
511.749374 ,-348.405396 ,-5
512.142422 ,-347.766602 ,-5
512.535469 ,-347.127823 ,-5
512.928516 ,-346.489029 ,-5
513.321564 ,-345.850235 ,-5
513.714649 ,-345.211456 ,-5
514.108009 ,-344.572662 ,-5
514.501369 ,-343.933868 ,-5
514.894573 ,-343.295120 ,-5
515.287659 ,-342.656326 ,-5
515.680782 ,-342.017548 ,-5
516.073830 ,-341.378799 ,-5
516.466877 ,-340.740005 ,-5
516.860039 ,-340.101105 ,-5
517.253086 ,-339.462311 ,-5
517.646133 ,-338.823517 ,-5
518.039181 ,-338.184738 ,-5
518.432228 ,-337.545944 ,-5
518.825314 ,-336.907150 ,-5
519.218361 ,-336.268372 ,-5
519.611408 ,-335.629578 ,-5
520.004456 ,-334.990784 ,-5
520.397541 ,-334.352036 ,-5
520.790783 ,-333.713287 ,-5
521.183987 ,-333.074539 ,-5
521.620743 ,-332.364807 ,-5
521.970158 ,-331.796997 ,-5
522.363205 ,-331.158203 ,-5
522.756252 ,-330.519424 ,-5
523.149296 ,-329.880630 ,-5
523.586018 ,-329.170868 ,-5
523.935390 ,-328.603058 ,-5
524.328632 ,-327.963989 ,-5
524.765781 ,-327.253952 ,-5
525.159103 ,-326.615234 ,-5
525.552227 ,-325.976486 ,-5
525.945313 ,-325.337784 ,-5
526.338398 ,-324.698990 ,-5
526.731525 ,-324.060226 ,-5
527.124573 ,-323.421494 ,-5
527.517658 ,-322.782761 ,-5
527.910706 ,-322.144150 ,-5
528.303751 ,-321.505539 ,-5
528.696798 ,-320.866913 ,-5
529.089844 ,-320.228302 ,-5
529.482891 ,-319.589691 ,-5
529.875938 ,-318.951004 ,-5
530.268986 ,-318.312210 ,-5
530.662031 ,-317.673447 ,-5
531.055079 ,-317.034698 ,-5
531.448126 ,-316.395920 ,-5
531.841173 ,-315.757156 ,-5
532.234219 ,-315.118408 ,-5
532.627266 ,-314.479630 ,-5
533.020313 ,-313.840958 ,-5
533.413361 ,-313.202332 ,-5
533.806406 ,-312.563721 ,-5
534.199453 ,-311.925110 ,-5
534.592501 ,-311.286484 ,-5
534.985548 ,-310.647842 ,-5
535.378593 ,-310.009048 ,-5
535.771641 ,-309.370285 ,-5
536.164688 ,-308.731506 ,-5
536.557735 ,-308.092743 ,-5
536.950781 ,-307.453995 ,-5
537.343828 ,-306.815216 ,-5
537.736876 ,-306.176453 ,-5
538.129923 ,-305.537704 ,-5
538.522968 ,-304.899002 ,-5
538.916016 ,-304.260391 ,-5
539.309063 ,-303.621796 ,-5
539.702110 ,-302.983185 ,-5
540.095158 ,-302.344543 ,-5
540.488203 ,-301.705933 ,-5
540.881250 ,-301.067261 ,-5
541.274298 ,-300.428467 ,-5
541.667345 ,-299.789703 ,-5
542.104063 ,-299.079956 ,-5
542.497110 ,-298.441193 ,-5
542.890156 ,-297.802460 ,-5
543.283203 ,-297.163849 ,-5
543.676250 ,-296.525208 ,-5
544.069297 ,-295.886597 ,-5
544.462344 ,-295.247986 ,-5
544.855391 ,-294.609375 ,-5
545.248438 ,-293.970581 ,-5
545.641484 ,-293.331818 ,-5
546.034532 ,-292.693024 ,-5
546.427578 ,-292.054260 ,-5
546.820625 ,-291.415497 ,-5
547.213672 ,-290.776733 ,-5
547.650391 ,-290.067078 ,-5
548.043438 ,-289.428467 ,-5
548.436484 ,-288.789856 ,-5
548.829532 ,-288.151245 ,-5
549.222578 ,-287.512634 ,-5
549.615625 ,-286.873962 ,-5
550.008672 ,-286.235199 ,-5
550.401719 ,-285.596405 ,-5
550.794765 ,-284.957642 ,-5
551.187813 ,-284.318878 ,-5
551.580859 ,-283.680115 ,-5
551.973907 ,-283.041321 ,-5
552.366953 ,-282.402557 ,-5
552.760000 ,-281.763794 ,-5
553.153047 ,-281.125031 ,-5
553.546094 ,-280.486420 ,-5
553.939141 ,-279.847809 ,-5
554.375860 ,-279.138214 ,-5
554.768907 ,-278.499603 ,-5
555.161953 ,-277.860992 ,-5
555.555000 ,-277.222351 ,-5
555.948086 ,-276.583557 ,-5
556.341133 ,-275.944794 ,-5
556.734180 ,-275.306030 ,-5
557.127227 ,-274.667267 ,-5
557.520273 ,-274.028503 ,-5
557.913320 ,-273.389740 ,-5
558.287734 ,-272.741119 ,-5
558.617813 ,-272.071381 ,-5
558.894141 ,-271.380249 ,-5
559.118750 ,-270.671112 ,-5
559.272070 ,-269.944427 ,-5
559.329727 ,-269.207123 ,-5
559.304766 ,-268.464935 ,-5
559.236641 ,-267.712830 ,-5
559.098008 ,-266.874939 ,-5
558.924648 ,-266.134644 ,-5
558.707969 ,-265.411835 ,-5
558.451133 ,-264.697235 ,-5
558.167422 ,-263.999146 ,-5
557.860195 ,-263.308685 ,-5
557.533477 ,-262.626648 ,-5
557.192148 ,-261.949646 ,-5
556.844883 ,-261.277710 ,-5
556.495234 ,-260.609344 ,-5
556.143711 ,-259.941467 ,-5
555.792500 ,-259.273651 ,-5
555.445273 ,-258.602753 ,-5
555.104609 ,-257.930481 ,-5
554.770391 ,-257.257721 ,-5
554.406563 ,-256.510040 ,-5
554.086836 ,-255.836304 ,-5
553.773516 ,-255.160797 ,-5
553.465312 ,-254.482635 ,-5
553.161250 ,-253.801208 ,-5
552.860781 ,-253.116272 ,-5
552.563086 ,-252.427979 ,-5
552.267930 ,-251.737091 ,-5
551.974766 ,-251.044189 ,-5
551.684024 ,-250.351776 ,-5
551.394727 ,-249.658722 ,-5
551.074219 ,-248.888062 ,-5
550.786524 ,-248.194550 ,-5
550.499141 ,-247.501312 ,-5
550.211914 ,-246.808533 ,-5
549.924532 ,-246.116119 ,-5
549.636914 ,-245.424011 ,-5
549.349180 ,-244.732117 ,-5
549.061016 ,-244.040314 ,-5
548.772500 ,-243.348511 ,-5
548.483555 ,-242.656677 ,-5
548.161876 ,-241.887909 ,-5
547.871953 ,-241.195953 ,-5
547.581680 ,-240.504059 ,-5
547.291211 ,-239.812286 ,-5
547.000469 ,-239.120636 ,-5
546.709610 ,-238.429047 ,-5
546.418555 ,-237.737610 ,-5
546.127422 ,-237.046295 ,-5
545.836329 ,-236.355042 ,-5
545.545117 ,-235.663757 ,-5
545.253712 ,-234.972473 ,-5
544.929961 ,-234.204437 ,-5
544.638555 ,-233.513275 ,-5
544.347383 ,-232.822113 ,-5
544.056290 ,-232.130981 ,-5
543.765196 ,-231.440002 ,-5
543.474102 ,-230.748993 ,-5
543.183008 ,-230.057922 ,-5
542.891954 ,-229.366760 ,-5
542.600861 ,-228.675568 ,-5
542.309767 ,-227.984375 ,-5
542.018673 ,-227.293213 ,-5
541.727579 ,-226.601990 ,-5
541.436485 ,-225.910797 ,-5
541.113047 ,-225.142731 ,-5
540.821953 ,-224.451477 ,-5
540.530859 ,-223.760315 ,-5
540.239765 ,-223.069122 ,-5
539.948673 ,-222.377899 ,-5
539.657579 ,-221.686737 ,-5
539.334141 ,-220.918762 ,-5
539.043047 ,-220.227600 ,-5
538.751953 ,-219.536407 ,-5
538.460859 ,-218.845245 ,-5
538.169765 ,-218.154083 ,-5
537.878633 ,-217.462738 ,-5
537.587540 ,-216.771484 ,-5
537.296446 ,-216.080231 ,-5
536.973047 ,-215.312103 ,-5
536.681953 ,-214.620789 ,-5
536.390821 ,-213.929291 ,-5
536.099728 ,-213.237976 ,-5
535.808634 ,-212.546692 ,-5
535.517540 ,-211.855347 ,-5
535.226446 ,-211.164032 ,-5
534.935352 ,-210.472748 ,-5
534.644258 ,-209.781403 ,-5
534.353165 ,-209.090088 ,-5
534.029728 ,-208.322083 ,-5
533.738634 ,-207.630920 ,-5
533.447540 ,-206.939697 ,-5
533.156446 ,-206.248535 ,-5
532.865353 ,-205.557220 ,-5
532.574259 ,-204.865875 ,-5
532.283165 ,-204.174530 ,-5
531.959726 ,-203.406372 ,-5
531.668673 ,-202.715057 ,-5
531.377657 ,-202.023773 ,-5
531.086563 ,-201.332428 ,-5
530.795469 ,-200.641113 ,-5
530.504416 ,-199.949768 ,-5
530.213322 ,-199.258453 ,-5
529.922228 ,-198.567108 ,-5
529.631134 ,-197.875946 ,-5
529.340197 ,-197.184784 ,-5
529.049297 ,-196.493591 ,-5
528.758204 ,-195.802429 ,-5
528.467110 ,-195.111176 ,-5
528.176016 ,-194.419800 ,-5
527.884960 ,-193.728485 ,-5
527.593906 ,-193.037170 ,-5
527.302814 ,-192.345856 ,-5
527.011719 ,-191.654541 ,-5
526.720627 ,-190.963226 ,-5
526.429531 ,-190.271881 ,-5
526.138439 ,-189.580566 ,-5
525.847343 ,-188.889313 ,-5
525.556252 ,-188.198120 ,-5
525.265236 ,-187.506958 ,-5
524.974377 ,-186.815796 ,-5
524.683437 ,-186.124603 ,-5
524.392345 ,-185.433289 ,-5
524.101250 ,-184.741974 ,-5
523.810158 ,-184.050629 ,-5
523.519062 ,-183.359253 ,-5
523.227970 ,-182.667969 ,-5
522.904533 ,-181.899811 ,-5
522.613438 ,-181.208496 ,-5
522.322346 ,-180.517181 ,-5
522.031250 ,-179.825867 ,-5
521.740158 ,-179.134552 ,-5
521.449062 ,-178.443207 ,-5
521.157970 ,-177.751953 ,-5
520.866875 ,-177.060791 ,-5
520.575783 ,-176.369629 ,-5
520.543438 ,-176.292816 ,-5
520.543438 ,-176.292816 ,-5
520.511093 ,-176.216034 ,-5
520.511093 ,-176.216034 ,-5
520.478752 ,-176.139221 ,-5
520.478752 ,-176.139221 ,-5
520.414101 ,-175.985626 ,-5
520.414101 ,-175.985626 ,-5
520.220158 ,-175.524841 ,-5
520.220158 ,-175.524841 ,-5
520.220158 ,-175.524841 ,-5
519.832150 ,-174.603119 ,-5
519.501640 ,-173.817963 ,-5
519.210587 ,-173.126617 ,-5
518.919533 ,-172.435242 ,-5
518.628479 ,-171.743835 ,-5
518.369728 ,-171.129333 ,-5
518.046291 ,-170.361267 ,-5
517.787540 ,-169.746735 ,-5
517.496445 ,-169.055481 ,-5
517.173008 ,-168.287506 ,-5
516.881916 ,-167.596344 ,-5
516.590820 ,-166.905151 ,-5
516.299728 ,-166.213837 ,-5
516.008633 ,-165.522522 ,-5
515.717579 ,-164.831177 ,-5
515.426525 ,-164.139862 ,-5
515.135471 ,-163.448517 ,-5
514.844456 ,-162.757233 ,-5
514.553398 ,-162.065918 ,-5
514.262306 ,-161.374573 ,-5
513.971210 ,-160.683289 ,-5
513.680119 ,-159.992035 ,-5
513.401329 ,-159.296417 ,-5
513.162540 ,-158.589142 ,-5
512.895702 ,-157.891327 ,-5
512.616367 ,-157.196808 ,-5
512.328751 ,-156.503693 ,-5
512.035744 ,-155.811401 ,-5
511.739220 ,-155.119934 ,-5
511.440937 ,-154.431488 ,-5
511.140312 ,-153.742950 ,-5
510.838867 ,-153.054657 ,-5
510.537422 ,-152.366364 ,-5
510.236134 ,-151.678375 ,-5
509.935665 ,-150.991089 ,-5
509.636211 ,-150.303925 ,-5
509.338009 ,-149.616577 ,-5
509.040783 ,-148.928955 ,-5
508.744492 ,-148.240845 ,-5
508.449104 ,-147.552032 ,-5
508.154533 ,-146.862518 ,-5
507.860626 ,-146.172302 ,-5
507.567383 ,-145.481598 ,-5
507.274689 ,-144.790436 ,-5
506.982502 ,-144.099121 ,-5
506.690666 ,-143.407288 ,-5
506.399338 ,-142.715363 ,-5
506.108360 ,-142.023773 ,-5
505.817734 ,-141.332550 ,-5
505.527386 ,-140.641693 ,-5
505.237347 ,-139.951019 ,-5
504.947227 ,-139.260132 ,-5
504.657032 ,-138.569153 ,-5
504.366642 ,-137.877991 ,-5
504.076172 ,-137.186584 ,-5
503.785431 ,-136.494934 ,-5
503.494728 ,-135.803131 ,-5
503.203945 ,-135.111298 ,-5
502.880745 ,-134.342743 ,-5
502.589806 ,-133.651215 ,-5
502.299026 ,-132.959839 ,-5
502.008282 ,-132.268677 ,-5
501.717541 ,-131.577667 ,-5
501.426800 ,-130.886719 ,-5
501.135860 ,-130.195801 ,-5
500.844769 ,-129.504761 ,-5
500.553673 ,-128.813629 ,-5
500.262581 ,-128.122406 ,-5
499.939140 ,-127.354279 ,-5
499.648010 ,-126.662933 ,-5
499.356915 ,-125.971619 ,-5
499.065823 ,-125.280273 ,-5
498.774727 ,-124.588989 ,-5
498.483635 ,-123.897827 ,-5
498.192539 ,-123.206665 ,-5
497.901409 ,-122.515503 ,-5
497.610313 ,-121.824432 ,-5
497.319221 ,-121.133331 ,-5
497.028126 ,-120.442108 ,-5
496.736916 ,-119.750671 ,-5
496.445820 ,-119.059387 ,-5
496.154728 ,-118.368134 ,-5
495.863632 ,-117.676819 ,-5
495.572540 ,-116.985504 ,-5
495.281448 ,-116.294281 ,-5
494.990356 ,-115.603027 ,-5
494.699257 ,-114.911743 ,-5
494.408165 ,-114.220551 ,-5
494.117111 ,-113.529388 ,-5
493.826019 ,-112.838135 ,-5
493.534920 ,-112.146881 ,-5
493.243828 ,-111.455627 ,-5
492.952736 ,-110.764343 ,-5
492.629295 ,-109.996307 ,-5
492.338203 ,-109.305023 ,-5
492.079453 ,-108.690552 ,-5
491.756020 ,-107.922485 ,-5
491.464920 ,-107.231232 ,-5
491.173828 ,-106.539917 ,-5
490.882736 ,-105.848694 ,-5
490.591644 ,-105.157440 ,-5
490.300545 ,-104.466187 ,-5
490.009529 ,-103.774902 ,-5
489.718437 ,-103.083618 ,-5
489.427383 ,-102.392303 ,-5
489.136368 ,-101.700989 ,-5
488.845314 ,-101.009644 ,-5
488.554260 ,-100.318329 ,-5
488.263245 ,-99.627014 ,-5
487.972191 ,-98.935699 ,-5
487.681099 ,-98.244476 ,-5
487.390236 ,-97.553162 ,-5
487.099297 ,-96.861938 ,-5
486.808205 ,-96.170685 ,-5
486.517113 ,-95.479401 ,-5
486.226021 ,-94.788147 ,-5
485.934921 ,-94.096893 ,-5
485.643829 ,-93.405640 ,-5
485.352737 ,-92.714355 ,-5
485.029297 ,-91.946259 ,-5
484.738205 ,-91.254944 ,-5
484.447113 ,-90.563690 ,-5
484.156059 ,-89.872406 ,-5
483.864960 ,-89.181152 ,-5
483.573868 ,-88.489899 ,-5
483.282776 ,-87.798615 ,-5
482.991684 ,-87.107361 ,-5
482.700584 ,-86.416107 ,-5
482.409492 ,-85.724854 ,-5
482.118401 ,-85.033600 ,-5
481.827347 ,-84.342316 ,-5
481.536331 ,-83.651031 ,-5
481.229492 ,-82.967621 ,-5
480.865982 ,-82.317291 ,-5
480.424454 ,-81.728241 ,-5
479.914650 ,-81.202271 ,-5
479.337700 ,-80.751770 ,-5
478.696953 ,-80.389038 ,-5
478.006561 ,-80.092560 ,-5
477.271446 ,-79.878265 ,-5
476.505547 ,-79.750519 ,-5
475.727188 ,-79.708771 ,-5
474.958168 ,-79.754150 ,-5
474.206841 ,-79.881683 ,-5
473.474495 ,-80.088104 ,-5
472.765823 ,-80.364532 ,-5
472.082542 ,-80.693787 ,-5
471.418671 ,-81.063568 ,-5
470.769493 ,-81.457397 ,-5
470.066055 ,-81.915649 ,-5
469.439842 ,-82.338776 ,-5
468.810120 ,-82.755707 ,-5
468.173515 ,-83.158417 ,-5
467.528320 ,-83.544098 ,-5
466.876724 ,-83.915039 ,-5
466.218948 ,-84.270721 ,-5
465.553085 ,-84.607941 ,-5
464.879379 ,-84.928223 ,-5
464.198051 ,-85.233246 ,-5
463.508987 ,-85.523285 ,-5
462.812737 ,-85.800018 ,-5
462.110275 ,-86.064789 ,-5
461.403946 ,-86.319122 ,-5
460.694145 ,-86.565369 ,-5
459.983009 ,-86.805054 ,-5
459.190353 ,-87.065002 ,-5
458.474884 ,-87.294861 ,-5
457.759064 ,-87.522369 ,-5
457.043091 ,-87.748749 ,-5
456.327545 ,-87.974762 ,-5
455.612343 ,-88.200317 ,-5
454.897659 ,-88.425751 ,-5
454.183517 ,-88.652008 ,-5
453.469765 ,-88.879120 ,-5
452.756134 ,-89.107208 ,-5
452.042503 ,-89.336639 ,-5
451.329102 ,-89.567535 ,-5
450.615860 ,-89.799713 ,-5
449.902740 ,-90.032990 ,-5
449.189850 ,-90.267303 ,-5
448.397972 ,-90.528656 ,-5
447.685745 ,-90.764496 ,-5
446.973869 ,-91.000885 ,-5
446.262306 ,-91.237701 ,-5
445.551018 ,-91.474854 ,-5
444.839844 ,-91.712280 ,-5
444.128632 ,-91.949982 ,-5
443.417427 ,-92.187744 ,-5
442.706215 ,-92.425629 ,-5
441.995003 ,-92.663574 ,-5
441.283791 ,-92.901520 ,-5
440.572350 ,-93.139435 ,-5
439.860901 ,-93.377289 ,-5
439.149414 ,-93.615021 ,-5
438.438049 ,-93.852753 ,-5
437.726837 ,-94.090332 ,-5
437.015625 ,-94.327789 ,-5
436.225395 ,-94.591583 ,-5
435.514183 ,-94.828918 ,-5
434.802734 ,-95.066193 ,-5
434.091133 ,-95.303436 ,-5
433.379494 ,-95.540680 ,-5
432.667931 ,-95.777893 ,-5
431.956375 ,-96.015076 ,-5
431.244812 ,-96.252289 ,-5
430.533249 ,-96.489410 ,-5
429.821686 ,-96.726532 ,-5
429.110123 ,-96.963684 ,-5
428.398560 ,-97.200806 ,-5
427.686996 ,-97.437927 ,-5
426.975433 ,-97.675049 ,-5
426.184814 ,-97.938538 ,-5
425.473251 ,-98.175659 ,-5
424.761688 ,-98.412781 ,-5
424.050125 ,-98.649933 ,-5
423.338562 ,-98.887054 ,-5
422.626999 ,-99.124237 ,-5
421.915436 ,-99.361420 ,-5
421.203873 ,-99.598602 ,-5
420.492310 ,-99.835815 ,-5
419.780518 ,-100.073090 ,-5
419.068954 ,-100.310333 ,-5
418.357315 ,-100.547546 ,-5
417.566681 ,-100.811096 ,-5
416.855118 ,-101.048279 ,-5
416.143555 ,-101.285431 ,-5
415.431992 ,-101.522583 ,-5
414.720428 ,-101.759705 ,-5
414.008865 ,-101.996887 ,-5
413.297302 ,-102.234070 ,-5
412.585739 ,-102.471313 ,-5
411.874176 ,-102.708527 ,-5
411.162613 ,-102.945709 ,-5
410.371994 ,-103.209259 ,-5
409.660431 ,-103.446503 ,-5
408.948868 ,-103.683716 ,-5
408.237305 ,-103.920898 ,-5
407.525742 ,-104.158051 ,-5
406.814178 ,-104.395172 ,-5
406.102615 ,-104.632355 ,-5
405.391052 ,-104.869568 ,-5
404.679489 ,-105.106812 ,-5
403.967926 ,-105.343994 ,-5
403.256332 ,-105.581207 ,-5
402.544769 ,-105.818451 ,-5
401.754150 ,-106.082001 ,-5
401.042587 ,-106.319153 ,-5
400.331024 ,-106.556305 ,-5
399.619461 ,-106.793457 ,-5
398.907852 ,-107.030548 ,-5
398.196289 ,-107.267731 ,-5
397.484726 ,-107.504974 ,-5
396.773163 ,-107.742188 ,-5
396.061600 ,-107.979370 ,-5
395.350037 ,-108.216614 ,-5
394.559418 ,-108.480164 ,-5
393.847855 ,-108.717346 ,-5
393.136292 ,-108.954590 ,-5
392.424728 ,-109.191772 ,-5
391.713165 ,-109.428864 ,-5
391.001602 ,-109.666016 ,-5
390.290039 ,-109.903168 ,-5
389.578476 ,-110.140411 ,-5
388.866913 ,-110.377625 ,-5
388.155350 ,-110.614868 ,-5
387.443787 ,-110.852051 ,-5
386.732224 ,-111.089233 ,-5
386.020660 ,-111.326447 ,-5
385.230042 ,-111.589996 ,-5
384.518478 ,-111.827209 ,-5
383.806885 ,-112.064423 ,-5
383.095322 ,-112.301636 ,-5
382.383759 ,-112.538849 ,-5
381.672195 ,-112.776031 ,-5
380.960632 ,-113.013123 ,-5
380.249069 ,-113.250275 ,-5
379.537506 ,-113.487427 ,-5
378.825943 ,-113.724548 ,-5
378.114380 ,-113.961639 ,-5
377.402817 ,-114.198853 ,-5
376.691254 ,-114.436066 ,-5
375.900635 ,-114.699615 ,-5
375.189072 ,-114.936859 ,-5
374.477509 ,-115.174072 ,-5
373.765945 ,-115.411255 ,-5
373.054382 ,-115.648499 ,-5
372.342819 ,-115.885712 ,-5
371.631256 ,-116.122894 ,-5
370.919693 ,-116.360077 ,-5
370.208130 ,-116.597198 ,-5
369.496567 ,-116.834320 ,-5
368.785004 ,-117.071503 ,-5
368.073441 ,-117.308685 ,-5
367.361877 ,-117.545898 ,-5
366.650314 ,-117.783142 ,-5
365.938751 ,-118.020325 ,-5
365.148132 ,-118.283875 ,-5
364.436569 ,-118.521118 ,-5
363.725006 ,-118.758301 ,-5
363.013443 ,-118.995514 ,-5
362.301880 ,-119.232666 ,-5
361.590317 ,-119.469788 ,-5
360.878754 ,-119.706970 ,-5
360.167191 ,-119.944153 ,-5
359.455627 ,-120.181366 ,-5
358.744064 ,-120.418610 ,-5
357.953445 ,-120.682159 ,-5
357.241882 ,-120.919342 ,-5
356.530319 ,-121.156586 ,-5
355.818756 ,-121.393768 ,-5
355.107193 ,-121.630951 ,-5
354.395630 ,-121.868103 ,-5
353.684067 ,-122.105194 ,-5
352.972504 ,-122.342346 ,-5
352.260941 ,-122.579529 ,-5
351.549377 ,-122.816772 ,-5
350.837814 ,-123.053986 ,-5
350.126251 ,-123.291168 ,-5
349.335632 ,-123.554749 ,-5
348.624069 ,-123.791962 ,-5
347.912506 ,-124.029175 ,-5
347.200943 ,-124.266388 ,-5
346.489380 ,-124.503479 ,-5
345.777817 ,-124.740631 ,-5
345.066177 ,-124.977814 ,-5
344.354614 ,-125.215057 ,-5
343.563904 ,-125.478638 ,-5
342.852356 ,-125.715881 ,-5
342.140793 ,-125.953064 ,-5
341.429230 ,-126.190277 ,-5
340.717667 ,-126.427460 ,-5
340.006104 ,-126.664703 ,-5
339.215469 ,-126.928253 ,-5
338.503906 ,-127.165405 ,-5
337.792343 ,-127.402557 ,-5
337.080780 ,-127.639648 ,-5
336.369217 ,-127.876801 ,-5
335.657654 ,-128.113922 ,-5
334.946106 ,-128.351105 ,-5
334.234543 ,-128.588287 ,-5
333.522980 ,-128.825531 ,-5
332.732346 ,-129.089081 ,-5
332.020782 ,-129.326294 ,-5
331.309219 ,-129.563538 ,-5
330.597656 ,-129.800720 ,-5
329.886093 ,-130.037933 ,-5
329.174530 ,-130.275177 ,-5
328.462967 ,-130.512329 ,-5
327.751419 ,-130.749451 ,-5
326.960800 ,-131.012970 ,-5
326.249146 ,-131.250244 ,-5
325.537582 ,-131.487427 ,-5
324.826019 ,-131.724670 ,-5
324.114502 ,-131.961884 ,-5
323.402954 ,-132.199066 ,-5
322.691391 ,-132.436249 ,-5
321.900787 ,-132.699860 ,-5
321.189240 ,-132.937012 ,-5
320.477676 ,-133.174164 ,-5
319.766159 ,-133.411255 ,-5
319.054718 ,-133.648407 ,-5
318.343323 ,-133.885559 ,-5
317.631821 ,-134.122681 ,-5
316.920258 ,-134.359772 ,-5
316.129639 ,-134.623383 ,-5
315.418091 ,-134.860565 ,-5
314.706543 ,-135.097778 ,-5
313.995010 ,-135.334961 ,-5
313.283478 ,-135.572205 ,-5
312.571823 ,-135.809418 ,-5
311.860275 ,-136.046661 ,-5
311.148758 ,-136.283844 ,-5
310.437195 ,-136.520996 ,-5
309.646561 ,-136.784454 ,-5
308.935104 ,-137.021606 ,-5
308.223618 ,-137.258759 ,-5
307.512207 ,-137.495911 ,-5
306.800644 ,-137.733032 ,-5
306.089081 ,-137.970215 ,-5
305.377518 ,-138.207428 ,-5
304.665985 ,-138.444611 ,-5
303.954468 ,-138.681793 ,-5
303.242920 ,-138.919037 ,-5
302.452301 ,-139.182587 ,-5
301.740723 ,-139.419739 ,-5
301.029175 ,-139.656891 ,-5
300.317596 ,-139.893982 ,-5
299.606049 ,-140.131195 ,-5
298.894470 ,-140.368378 ,-5
298.103851 ,-140.631958 ,-5
297.392303 ,-140.869202 ,-5
296.680756 ,-141.106384 ,-5
295.969208 ,-141.343597 ,-5
295.257660 ,-141.580780 ,-5
294.546143 ,-141.817993 ,-5
293.755463 ,-142.081573 ,-5
293.043945 ,-142.318756 ,-5
292.332397 ,-142.556000 ,-5
291.620850 ,-142.793182 ,-5
290.909271 ,-143.030396 ,-5
290.197754 ,-143.267548 ,-5
289.486176 ,-143.504669 ,-5
288.774628 ,-143.741821 ,-5
288.063141 ,-143.978912 ,-5
287.351776 ,-144.216064 ,-5
286.561279 ,-144.479553 ,-5
285.849701 ,-144.716644 ,-5
285.138123 ,-144.953827 ,-5
284.426575 ,-145.191071 ,-5
283.715057 ,-145.428253 ,-5
283.003448 ,-145.665466 ,-5
282.291901 ,-145.902710 ,-5
281.501282 ,-146.166260 ,-5
280.789734 ,-146.403473 ,-5
280.078156 ,-146.640625 ,-5
279.366699 ,-146.877747 ,-5
278.655304 ,-147.114899 ,-5
277.943909 ,-147.351990 ,-5
277.232483 ,-147.589142 ,-5
276.520935 ,-147.826263 ,-5
275.730286 ,-148.089844 ,-5
275.018768 ,-148.327026 ,-5
274.307220 ,-148.564240 ,-5
273.595673 ,-148.801453 ,-5
272.884155 ,-149.038635 ,-5
272.172577 ,-149.275879 ,-5
271.461029 ,-149.512970 ,-5
270.670410 ,-149.776489 ,-5
269.958893 ,-150.013611 ,-5
269.247375 ,-150.250702 ,-5
268.535645 ,-150.487976 ,-5
267.824097 ,-150.725189 ,-5
267.112518 ,-150.962433 ,-5
266.400970 ,-151.199615 ,-5
265.610382 ,-151.463165 ,-5
264.898865 ,-151.700409 ,-5
264.187286 ,-151.937592 ,-5
263.475739 ,-152.174774 ,-5
262.764160 ,-152.411896 ,-5
262.052582 ,-152.649017 ,-5
261.341034 ,-152.886169 ,-5
260.550385 ,-153.149750 ,-5
259.838837 ,-153.386963 ,-5
259.127258 ,-153.624176 ,-5
258.415741 ,-153.861389 ,-5
257.704193 ,-154.098602 ,-5
256.992676 ,-154.335785 ,-5
256.281128 ,-154.572968 ,-5
255.490448 ,-154.836578 ,-5
254.778931 ,-155.073761 ,-5
254.067383 ,-155.310974 ,-5
253.355835 ,-155.548187 ,-5
252.565247 ,-155.811737 ,-5
251.853699 ,-156.048828 ,-5
251.142151 ,-156.285950 ,-5
250.430695 ,-156.523102 ,-5
249.719299 ,-156.760254 ,-5
249.007751 ,-156.997345 ,-5
248.296204 ,-157.234467 ,-5
247.505585 ,-157.498016 ,-5
246.794037 ,-157.735229 ,-5
246.082489 ,-157.972443 ,-5
245.370941 ,-158.209656 ,-5
244.659393 ,-158.446838 ,-5
243.947845 ,-158.684082 ,-5
243.236267 ,-158.921265 ,-5
242.454926 ,-159.207092 ,-5
241.791931 ,-159.540680 ,-5
241.168396 ,-159.937286 ,-5
240.579559 ,-160.387268 ,-5
240.026093 ,-160.887970 ,-5
239.511475 ,-161.437347 ,-5
239.019775 ,-162.017090 ,-5
238.479431 ,-162.557343 ,-5
237.821411 ,-163.076447 ,-5
237.185638 ,-163.480988 ,-5
236.517334 ,-163.828796 ,-5
235.820435 ,-164.113068 ,-5
235.099609 ,-164.324097 ,-5
234.361603 ,-164.453094 ,-5
233.532043 ,-164.490204 ,-5
232.789276 ,-164.419769 ,-5
232.064117 ,-164.245331 ,-5
231.371796 ,-163.964783 ,-5
230.727325 ,-163.580872 ,-5
230.083832 ,-163.041595 ,-5
229.585876 ,-162.464386 ,-5
229.179291 ,-161.813721 ,-5
228.874146 ,-161.108521 ,-5
228.681183 ,-160.367676 ,-5
228.602417 ,-159.606262 ,-5
228.640472 ,-158.841400 ,-5
228.817047 ,-158.009827 ,-5
229.094116 ,-157.297668 ,-5
229.475800 ,-156.635803 ,-5
229.952911 ,-156.039764 ,-5
230.515228 ,-155.522888 ,-5
231.148438 ,-155.097534 ,-5
231.838013 ,-154.773163 ,-5
232.649231 ,-154.537872 ,-5
233.401855 ,-154.443237 ,-5
234.159027 ,-154.462830 ,-5
234.904297 ,-154.595917 ,-5
235.621399 ,-154.839630 ,-5
236.294952 ,-155.188477 ,-5
236.914154 ,-155.631989 ,-5
237.476501 ,-156.153137 ,-5
237.980804 ,-156.728180 ,-5
238.431824 ,-157.339996 ,-5
238.841858 ,-157.975250 ,-5
239.226624 ,-158.627350 ,-5
239.659271 ,-159.354919 ,-5
240.113068 ,-159.956268 ,-5
240.644684 ,-160.480194 ,-5
241.247589 ,-160.907990 ,-5
241.899567 ,-161.268250 ,-5
242.676086 ,-161.579376 ,-5
243.412720 ,-161.775482 ,-5
244.170990 ,-161.895874 ,-5
244.934387 ,-161.940247 ,-5
245.694763 ,-161.911682 ,-5
246.537750 ,-161.812286 ,-5
247.283966 ,-161.680084 ,-5
248.025696 ,-161.509735 ,-5
248.761566 ,-161.315826 ,-5
249.491119 ,-161.117676 ,-5
250.221405 ,-160.923981 ,-5
250.954895 ,-160.744080 ,-5
251.690979 ,-160.578094 ,-5
252.429901 ,-160.426849 ,-5
253.170990 ,-160.296326 ,-5
253.995422 ,-160.176178 ,-5
254.736969 ,-160.087738 ,-5
255.478790 ,-160.016663 ,-5
256.221741 ,-159.962189 ,-5
256.966461 ,-159.922211 ,-5
257.713501 ,-159.895325 ,-5
258.462769 ,-159.879547 ,-5
259.297302 ,-159.872131 ,-5
260.049713 ,-159.871857 ,-5
260.801941 ,-159.875824 ,-5
261.553436 ,-159.883728 ,-5
262.304108 ,-159.894348 ,-5
263.054077 ,-159.906128 ,-5
263.803497 ,-159.919098 ,-5
264.552460 ,-159.932617 ,-5
265.384491 ,-159.946808 ,-5
266.133392 ,-159.958344 ,-5
266.882599 ,-159.968445 ,-5
267.632202 ,-159.977356 ,-5
268.382202 ,-159.985016 ,-5
269.132477 ,-159.991333 ,-5
269.882843 ,-159.996338 ,-5
270.633240 ,-160.000244 ,-5
271.383514 ,-160.003204 ,-5
272.133606 ,-160.005310 ,-5
272.883545 ,-160.006653 ,-5
273.716583 ,-160.007477 ,-5
274.466309 ,-160.007660 ,-5
275.216034 ,-160.007538 ,-5
275.965729 ,-160.007172 ,-5
276.715607 ,-160.006561 ,-5
277.465637 ,-160.005829 ,-5
278.299103 ,-160.004944 ,-5
279.049316 ,-160.004150 ,-5
279.799591 ,-160.003357 ,-5
280.550018 ,-160.002625 ,-5
281.300659 ,-160.002014 ,-5
282.051483 ,-160.001465 ,-5
282.885773 ,-160.000916 ,-5
283.636749 ,-160.000519 ,-5
284.387909 ,-160.000214 ,-5
285.139221 ,-159.999969 ,-5
285.890289 ,-159.999786 ,-5
286.640839 ,-159.999695 ,-5
287.390900 ,-159.999725 ,-5
288.140503 ,-159.999725 ,-5
288.973022 ,-159.999725 ,-5
289.722198 ,-159.999725 ,-5
290.471466 ,-159.999725 ,-5
291.220917 ,-159.999725 ,-5
291.970703 ,-159.999725 ,-5
292.720764 ,-159.999725 ,-5
293.471039 ,-159.999725 ,-5
294.304779 ,-159.999725 ,-5
295.054993 ,-159.999725 ,-5
295.805206 ,-159.999786 ,-5
296.555603 ,-159.999817 ,-5
297.306183 ,-159.999817 ,-5
298.140289 ,-159.999817 ,-5
298.891357 ,-159.999786 ,-5
299.642303 ,-159.999786 ,-5
300.392395 ,-159.999786 ,-5
301.142578 ,-159.999786 ,-5
301.892578 ,-159.999786 ,-5
302.642517 ,-159.999786 ,-5
303.392212 ,-159.999786 ,-5
304.225067 ,-159.999786 ,-5
304.974670 ,-159.999786 ,-5
305.724380 ,-159.999786 ,-5
306.474243 ,-159.999786 ,-5
307.224243 ,-159.999786 ,-5
307.974304 ,-159.999786 ,-5
308.724472 ,-159.999786 ,-5
309.557968 ,-159.999786 ,-5
310.308029 ,-159.999786 ,-5
311.058075 ,-159.999786 ,-5
311.808136 ,-159.999786 ,-5
312.558167 ,-159.999786 ,-5
313.391556 ,-159.999786 ,-5
314.141495 ,-159.999786 ,-5
314.891373 ,-159.999786 ,-5
315.641251 ,-159.999786 ,-5
316.391144 ,-159.999786 ,-5
317.141037 ,-159.999786 ,-5
317.891098 ,-159.999786 ,-5
318.641159 ,-159.999817 ,-5
319.474533 ,-159.999786 ,-5
320.224564 ,-159.999786 ,-5
320.974609 ,-159.999786 ,-5
321.724670 ,-159.999786 ,-5
322.474686 ,-159.999786 ,-5
323.224747 ,-159.999786 ,-5
323.974777 ,-159.999786 ,-5
324.808029 ,-159.999786 ,-5
325.557953 ,-159.999786 ,-5
326.307831 ,-159.999786 ,-5
327.057800 ,-159.999786 ,-5
327.807861 ,-159.999786 ,-5
328.641052 ,-159.999786 ,-5
329.391022 ,-159.999786 ,-5
330.141022 ,-159.999786 ,-5
330.891220 ,-159.999786 ,-5
331.641373 ,-159.999817 ,-5
332.391449 ,-159.999786 ,-5
333.141373 ,-159.999786 ,-5
333.974579 ,-159.999786 ,-5
334.724457 ,-159.999786 ,-5
335.474335 ,-159.999786 ,-5
336.224228 ,-159.999786 ,-5
336.974106 ,-159.999786 ,-5
337.807312 ,-159.999786 ,-5
338.557190 ,-159.999786 ,-5
339.307114 ,-159.999786 ,-5
340.057114 ,-159.999786 ,-5
340.807037 ,-159.999786 ,-5
341.556915 ,-159.999786 ,-5
342.306808 ,-159.999786 ,-5
343.056686 ,-159.999786 ,-5
343.806564 ,-159.999786 ,-5
344.556458 ,-159.999786 ,-5
345.389648 ,-159.999786 ,-5
346.139542 ,-159.999786 ,-5
346.889420 ,-159.999786 ,-5
347.639343 ,-159.999786 ,-5
348.389267 ,-159.999786 ,-5
349.222656 ,-159.999786 ,-5
349.972778 ,-159.999786 ,-5
350.722931 ,-159.999786 ,-5
351.473083 ,-159.999786 ,-5
352.223175 ,-159.999786 ,-5
352.973129 ,-159.999786 ,-5
353.723007 ,-159.999817 ,-5
354.472900 ,-159.999786 ,-5
355.306091 ,-159.999786 ,-5
356.055984 ,-159.999786 ,-5
356.805862 ,-159.999786 ,-5
357.555740 ,-159.999786 ,-5
358.305634 ,-159.999786 ,-5
359.055557 ,-159.999786 ,-5
359.805511 ,-159.999786 ,-5
360.555664 ,-159.999786 ,-5
361.389221 ,-159.999786 ,-5
362.139343 ,-159.999786 ,-5
362.889496 ,-159.999786 ,-5
363.639496 ,-159.999786 ,-5
364.389420 ,-159.999786 ,-5
365.222626 ,-159.999786 ,-5
365.972504 ,-159.999786 ,-5
366.722382 ,-159.999786 ,-5
367.472275 ,-159.999786 ,-5
368.222153 ,-159.999786 ,-5
368.972107 ,-159.999786 ,-5
369.805313 ,-159.999786 ,-5
370.555237 ,-159.999786 ,-5
371.305206 ,-159.999786 ,-5
372.055206 ,-159.999786 ,-5
372.805115 ,-159.999786 ,-5
373.638321 ,-159.999786 ,-5
374.388214 ,-159.999786 ,-5
375.138092 ,-159.999786 ,-5
375.887970 ,-159.999786 ,-5
376.637863 ,-159.999786 ,-5
377.387741 ,-159.999786 ,-5
378.220947 ,-159.999786 ,-5
378.970871 ,-159.999786 ,-5
379.720779 ,-159.999786 ,-5
380.470749 ,-159.999786 ,-5
381.303955 ,-159.999786 ,-5
382.053833 ,-159.999786 ,-5
382.803711 ,-159.999786 ,-5
383.553604 ,-159.999786 ,-5
384.303482 ,-159.999786 ,-5
385.053360 ,-159.999786 ,-5
385.803253 ,-159.999786 ,-5
386.636444 ,-159.999786 ,-5
387.386368 ,-159.999786 ,-5
388.136292 ,-159.999786 ,-5
388.886215 ,-159.999786 ,-5
389.636169 ,-159.999786 ,-5
390.469376 ,-159.999786 ,-5
391.219269 ,-159.999786 ,-5
391.969147 ,-159.999786 ,-5
392.719025 ,-159.999786 ,-5
393.468903 ,-159.999786 ,-5
394.218796 ,-159.999786 ,-5
395.052231 ,-159.999786 ,-5
395.802155 ,-159.999786 ,-5
396.552078 ,-159.999786 ,-5
397.302032 ,-159.999786 ,-5
398.052032 ,-159.999786 ,-5
398.801910 ,-159.999817 ,-5
399.551804 ,-159.999786 ,-5
400.385010 ,-159.999786 ,-5
401.134888 ,-159.999786 ,-5
401.884766 ,-159.999786 ,-5
402.634659 ,-159.999786 ,-5
403.467850 ,-159.999786 ,-5
404.217773 ,-159.999786 ,-5
404.967697 ,-159.999786 ,-5
405.717819 ,-159.999786 ,-5
406.468018 ,-159.999786 ,-5
407.218124 ,-159.999786 ,-5
408.051376 ,-159.999786 ,-5
408.801254 ,-159.999786 ,-5
409.551132 ,-159.999786 ,-5
410.301025 ,-159.999786 ,-5
411.050903 ,-159.999786 ,-5
411.800781 ,-159.999817 ,-5
412.633987 ,-159.999786 ,-5
413.383865 ,-159.999786 ,-5
414.133835 ,-159.999786 ,-5
414.883759 ,-159.999786 ,-5
415.633682 ,-159.999786 ,-5
416.383636 ,-159.999786 ,-5
417.133560 ,-159.999786 ,-5
417.883484 ,-159.999786 ,-5
418.716797 ,-159.999786 ,-5
419.466721 ,-159.999786 ,-5
420.216644 ,-159.999786 ,-5
420.966568 ,-159.999786 ,-5
421.716522 ,-159.999786 ,-5
422.549728 ,-159.999786 ,-5
423.299606 ,-159.999786 ,-5
424.049500 ,-159.999786 ,-5
424.799377 ,-159.999786 ,-5
425.549255 ,-159.999786 ,-5
426.382462 ,-159.999786 ,-5
427.132339 ,-159.999786 ,-5
427.882263 ,-159.999817 ,-5
428.632187 ,-159.999786 ,-5
429.382111 ,-159.999786 ,-5
430.132080 ,-159.999786 ,-5
430.881958 ,-159.999786 ,-5
431.631836 ,-159.999786 ,-5
432.381874 ,-159.999786 ,-5
433.131760 ,-159.999786 ,-5
433.881645 ,-159.999817 ,-5
434.631523 ,-159.999786 ,-5
435.381409 ,-159.999786 ,-5
436.214615 ,-159.999786 ,-5
436.964615 ,-159.999817 ,-5
437.714531 ,-159.999786 ,-5
438.464653 ,-159.999786 ,-5
439.214767 ,-159.999786 ,-5
439.964882 ,-159.999786 ,-5
440.714806 ,-159.999786 ,-5
441.464729 ,-159.999786 ,-5
442.214615 ,-159.999786 ,-5
442.964493 ,-159.999786 ,-5
443.714378 ,-159.999786 ,-5
444.547577 ,-159.999786 ,-5
445.297462 ,-159.999786 ,-5
446.047348 ,-159.999786 ,-5
446.797272 ,-159.999786 ,-5
447.547188 ,-159.999786 ,-5
448.297150 ,-159.999786 ,-5
449.047035 ,-159.999786 ,-5
449.796913 ,-159.999786 ,-5
450.546799 ,-159.999786 ,-5
451.296684 ,-159.999786 ,-5
452.046562 ,-159.999786 ,-5
452.796448 ,-159.999786 ,-5
453.629654 ,-159.999786 ,-5
454.379532 ,-159.999786 ,-5
455.129456 ,-159.999786 ,-5
455.879379 ,-159.999786 ,-5
456.629303 ,-159.999786 ,-5
457.379257 ,-159.999786 ,-5
458.129143 ,-159.999786 ,-5
458.879028 ,-159.999786 ,-5
459.628906 ,-159.999786 ,-5
460.378792 ,-159.999786 ,-5
461.128677 ,-159.999786 ,-5
461.878555 ,-159.999786 ,-5
462.628441 ,-159.999786 ,-5
463.378365 ,-159.999786 ,-5
464.128990 ,-159.999786 ,-5
464.962227 ,-159.999817 ,-5
465.712189 ,-159.999786 ,-5
466.462074 ,-159.999786 ,-5
467.211952 ,-159.999786 ,-5
467.961838 ,-159.999786 ,-5
468.711723 ,-159.999786 ,-5
469.461601 ,-159.999786 ,-5
470.211487 ,-159.999786 ,-5
470.961372 ,-159.999817 ,-5
471.711250 ,-159.999786 ,-5
472.461174 ,-159.999786 ,-5
473.211098 ,-159.999786 ,-5
473.961014 ,-159.999786 ,-5
474.710976 ,-159.999786 ,-5
475.460861 ,-159.999786 ,-5
476.210747 ,-159.999786 ,-5
476.960625 ,-159.999817 ,-5
477.793831 ,-159.999786 ,-5
478.543716 ,-159.999786 ,-5
479.293594 ,-159.999786 ,-5
480.043480 ,-159.999786 ,-5
480.793480 ,-159.999786 ,-5
481.543442 ,-159.999786 ,-5
482.293358 ,-159.999786 ,-5
483.043243 ,-159.999786 ,-5
483.793129 ,-159.999786 ,-5
484.543007 ,-159.999786 ,-5
485.292892 ,-159.999786 ,-5
486.042778 ,-159.999786 ,-5
486.792656 ,-159.999786 ,-5
487.542542 ,-159.999786 ,-5
488.375740 ,-159.999786 ,-5
489.125626 ,-159.999786 ,-5
489.875549 ,-159.999786 ,-5
490.625473 ,-159.999786 ,-5
491.375389 ,-159.999786 ,-5
492.125702 ,-159.999786 ,-5
492.875587 ,-159.999786 ,-5
493.625473 ,-159.999786 ,-5
494.375351 ,-159.999786 ,-5
495.125237 ,-159.999786 ,-5
495.875122 ,-159.999786 ,-5
496.625042 ,-159.999786 ,-5
497.374962 ,-159.999786 ,-5
498.124886 ,-159.999786 ,-5
498.874844 ,-159.999786 ,-5
499.624805 ,-159.999786 ,-5
500.458008 ,-159.999786 ,-5
501.207893 ,-159.999786 ,-5
501.957775 ,-159.999786 ,-5
502.707657 ,-159.999786 ,-5
503.457539 ,-159.999786 ,-5
504.207424 ,-159.999786 ,-5
504.957306 ,-159.999786 ,-5
505.707188 ,-159.999786 ,-5
506.457111 ,-159.999786 ,-5
507.207073 ,-159.999786 ,-5
507.956993 ,-159.999786 ,-5
508.790195 ,-159.999786 ,-5
509.540081 ,-159.999786 ,-5
510.289963 ,-159.999786 ,-5
511.039845 ,-159.999786 ,-5
511.789726 ,-159.999786 ,-5
512.539612 ,-159.999786 ,-5
513.289494 ,-159.999786 ,-5
514.039375 ,-159.999786 ,-5
514.789299 ,-159.999786 ,-5
515.622578 ,-159.999786 ,-5
516.372501 ,-159.999786 ,-5
517.122421 ,-159.999786 ,-5
517.872421 ,-159.999786 ,-5
518.622383 ,-159.999786 ,-5
519.372265 ,-159.999786 ,-5
520.122150 ,-159.999786 ,-5
520.872032 ,-159.999786 ,-5
521.621914 ,-159.999786 ,-5
522.371799 ,-159.999786 ,-5
523.121681 ,-159.999786 ,-5
523.871563 ,-159.999786 ,-5
524.704765 ,-159.999786 ,-5
525.454689 ,-159.999786 ,-5
526.204651 ,-159.999786 ,-5
526.954571 ,-159.999786 ,-5
527.704453 ,-159.999786 ,-5
528.454336 ,-159.999786 ,-5
529.204220 ,-159.999786 ,-5
529.954102 ,-159.999786 ,-5
530.703985 ,-159.999786 ,-5
531.453867 ,-159.999786 ,-5
532.203751 ,-159.999786 ,-5
532.953634 ,-159.999786 ,-5
533.703556 ,-159.999786 ,-5
534.453478 ,-159.999786 ,-5
535.203400 ,-159.999786 ,-5
535.953321 ,-159.999786 ,-5
536.786524 ,-159.999786 ,-5
537.536486 ,-159.999786 ,-5
538.286367 ,-159.999786 ,-5
539.036251 ,-159.999786 ,-5
539.786133 ,-159.999786 ,-5
540.536016 ,-159.999786 ,-5
541.285898 ,-159.999786 ,-5
542.035782 ,-159.999786 ,-5
542.785664 ,-159.999786 ,-5
543.618868 ,-159.999786 ,-5
544.368790 ,-159.999786 ,-5
545.118751 ,-159.999786 ,-5
545.868672 ,-159.999786 ,-5
546.618594 ,-159.999786 ,-5
547.368516 ,-159.999786 ,-5
548.118477 ,-159.999817 ,-5
548.868360 ,-159.999786 ,-5
549.618242 ,-159.999786 ,-5
550.368125 ,-159.999786 ,-5
551.118008 ,-159.999786 ,-5
551.867890 ,-159.999786 ,-5
552.617774 ,-159.999786 ,-5
553.367656 ,-159.999786 ,-5
554.117539 ,-159.999817 ,-5
554.867461 ,-159.999786 ,-5
555.617422 ,-159.999786 ,-5
556.450664 ,-159.999786 ,-5
557.200781 ,-159.999786 ,-5
557.950859 ,-159.999786 ,-5
558.700898 ,-159.999786 ,-5
559.451016 ,-159.999786 ,-5
560.201094 ,-159.999786 ,-5
560.951055 ,-159.999786 ,-5
561.700938 ,-159.999786 ,-5
562.450820 ,-159.999786 ,-5
563.200703 ,-159.999786 ,-5
563.950586 ,-159.999786 ,-5
564.783789 ,-159.999786 ,-5
565.533672 ,-159.999786 ,-5
566.283555 ,-159.999786 ,-5
567.033476 ,-159.999786 ,-5
567.783398 ,-159.999786 ,-5
568.533515 ,-159.999786 ,-5
569.283710 ,-159.999786 ,-5
570.033828 ,-159.999786 ,-5
570.783828 ,-159.999786 ,-5
571.533710 ,-159.999786 ,-5
572.283593 ,-159.999786 ,-5
573.033476 ,-159.999786 ,-5
573.783360 ,-159.999786 ,-5
574.533242 ,-159.999786 ,-5
575.366445 ,-159.999786 ,-5
576.116327 ,-159.999786 ,-5
576.866249 ,-159.999786 ,-5
577.616249 ,-159.999786 ,-5
578.366405 ,-159.999786 ,-5
579.116602 ,-159.999786 ,-5
579.866756 ,-159.999786 ,-5
580.616718 ,-159.999786 ,-5
581.449921 ,-159.999786 ,-5
582.199804 ,-159.999786 ,-5
582.949686 ,-159.999786 ,-5
583.699570 ,-159.999786 ,-5
584.449453 ,-159.999817 ,-5
585.199610 ,-159.999786 ,-5
585.949492 ,-159.999786 ,-5
586.699413 ,-159.999786 ,-5
587.449335 ,-159.999786 ,-5
588.199257 ,-159.999817 ,-5
588.949219 ,-159.999786 ,-5
589.699141 ,-159.999786 ,-5
590.449062 ,-159.999786 ,-5
591.282499 ,-159.999786 ,-5
592.032421 ,-159.999786 ,-5
592.782345 ,-159.999786 ,-5
593.532265 ,-159.999786 ,-5
594.282383 ,-159.999786 ,-5
595.032265 ,-159.999786 ,-5
595.782146 ,-159.999786 ,-5
596.532032 ,-159.999786 ,-5
597.365234 ,-159.999786 ,-5
598.115116 ,-159.999786 ,-5
598.864998 ,-159.999786 ,-5
599.614883 ,-159.999786 ,-5
600.364803 ,-159.999786 ,-5
601.114727 ,-159.999786 ,-5
601.864803 ,-159.999786 ,-5
602.614922 ,-159.999786 ,-5
603.448357 ,-159.999786 ,-5
604.198280 ,-159.999786 ,-5
604.948200 ,-159.999786 ,-5
605.698086 ,-159.999786 ,-5
606.447968 ,-159.999786 ,-5
607.197849 ,-159.999786 ,-5
607.947735 ,-159.999786 ,-5
608.780937 ,-159.999786 ,-5
609.530819 ,-159.999786 ,-5
610.280743 ,-159.999786 ,-5
611.030663 ,-159.999786 ,-5
611.780586 ,-159.999786 ,-5
612.530544 ,-159.999786 ,-5
613.280468 ,-159.999817 ,-5
614.030388 ,-159.999786 ,-5
614.780312 ,-159.999786 ,-5
615.613594 ,-159.999786 ,-5
616.363476 ,-159.999817 ,-5
617.113358 ,-159.999786 ,-5
617.863239 ,-159.999786 ,-5
618.613125 ,-159.999786 ,-5
619.363007 ,-159.999786 ,-5
620.112888 ,-159.999786 ,-5
620.862774 ,-159.999786 ,-5
621.612656 ,-159.999786 ,-5
622.362617 ,-159.999786 ,-5
623.195858 ,-159.999786 ,-5
623.945976 ,-159.999786 ,-5
624.696091 ,-159.999786 ,-5
625.446213 ,-159.999786 ,-5
626.196365 ,-159.999786 ,-5
626.946404 ,-159.999786 ,-5
627.696365 ,-159.999786 ,-5
628.529572 ,-159.999786 ,-5
629.279449 ,-159.999786 ,-5
630.029335 ,-159.999786 ,-5
630.779221 ,-159.999786 ,-5
631.529099 ,-159.999786 ,-5
632.278984 ,-159.999817 ,-5
633.028862 ,-159.999786 ,-5
633.778786 ,-159.999786 ,-5
634.528709 ,-159.999786 ,-5
635.361992 ,-159.999786 ,-5
636.111954 ,-159.999786 ,-5
636.861832 ,-159.999786 ,-5
637.611717 ,-159.999786 ,-5
638.361603 ,-159.999786 ,-5
639.111481 ,-159.999786 ,-5
639.944878 ,-159.999786 ,-5
640.694801 ,-159.999786 ,-5
641.444839 ,-159.999786 ,-5
642.194725 ,-159.999786 ,-5
642.944649 ,-159.999786 ,-5
643.694565 ,-159.999786 ,-5
644.444489 ,-159.999786 ,-5
645.194412 ,-159.999786 ,-5
646.027618 ,-159.999786 ,-5
646.777496 ,-159.999786 ,-5
647.527382 ,-159.999786 ,-5
648.277306 ,-159.999786 ,-5
649.027184 ,-159.999786 ,-5
649.777069 ,-159.999786 ,-5
650.526955 ,-159.999786 ,-5
651.276833 ,-159.999786 ,-5
652.026718 ,-159.999786 ,-5
652.859917 ,-159.999786 ,-5
653.609840 ,-159.999817 ,-5
654.359726 ,-159.999786 ,-5
655.109604 ,-159.999786 ,-5
655.859688 ,-159.999786 ,-5
656.609917 ,-159.999786 ,-5
657.360153 ,-159.999786 ,-5
658.110390 ,-159.999786 ,-5
658.860626 ,-159.999786 ,-5
659.694214 ,-159.999786 ,-5
660.444450 ,-159.999817 ,-5
661.194687 ,-159.999786 ,-5
661.944923 ,-159.999786 ,-5
662.695229 ,-159.999786 ,-5
663.528824 ,-159.999786 ,-5
664.279060 ,-159.999786 ,-5
665.029297 ,-159.999786 ,-5
665.779526 ,-159.999786 ,-5
666.529762 ,-159.999786 ,-5
667.279999 ,-159.999786 ,-5
668.030235 ,-159.999786 ,-5
668.863823 ,-159.999786 ,-5
669.614059 ,-159.999786 ,-5
670.364296 ,-159.999817 ,-5
671.114532 ,-159.999786 ,-5
671.864761 ,-159.999786 ,-5
672.614998 ,-159.999786 ,-5
673.365234 ,-159.999786 ,-5
674.115463 ,-159.999786 ,-5
674.865700 ,-159.999786 ,-5
675.615936 ,-159.999786 ,-5
676.449532 ,-159.999786 ,-5
677.199760 ,-159.999786 ,-5
677.949997 ,-159.999786 ,-5
678.700233 ,-159.999786 ,-5
679.450462 ,-159.999786 ,-5
680.284058 ,-159.999786 ,-5
681.034294 ,-159.999786 ,-5
681.784531 ,-159.999786 ,-5
682.534760 ,-159.999786 ,-5
683.284996 ,-159.999786 ,-5
684.035233 ,-159.999786 ,-5
684.868828 ,-159.999786 ,-5
685.619057 ,-159.999786 ,-5
686.369293 ,-159.999786 ,-5
687.119530 ,-159.999786 ,-5
687.869766 ,-159.999786 ,-5
688.619995 ,-159.999786 ,-5
689.370224 ,-159.999817 ,-5
690.120468 ,-159.999786 ,-5
690.870697 ,-159.999786 ,-5
691.704300 ,-159.999786 ,-5
692.454529 ,-159.999786 ,-5
693.204758 ,-159.999786 ,-5
693.955002 ,-159.999786 ,-5
694.705231 ,-159.999786 ,-5
695.455460 ,-159.999786 ,-5
696.205704 ,-159.999786 ,-5
696.955933 ,-159.999786 ,-5
697.789536 ,-159.999786 ,-5
698.539764 ,-159.999817 ,-5
699.289993 ,-159.999786 ,-5
700.040237 ,-159.999786 ,-5
700.790466 ,-159.999786 ,-5
701.540695 ,-159.999786 ,-5
702.290939 ,-159.999786 ,-5
703.041168 ,-159.999786 ,-5
703.874756 ,-159.999786 ,-5
704.625000 ,-159.999786 ,-5
705.375229 ,-159.999786 ,-5
706.125473 ,-159.999786 ,-5
706.875702 ,-159.999786 ,-5
707.625931 ,-159.999786 ,-5
708.376175 ,-159.999786 ,-5
709.126404 ,-159.999786 ,-5
709.876633 ,-159.999786 ,-5
710.626877 ,-159.999786 ,-5
711.377106 ,-159.999786 ,-5
712.127335 ,-159.999786 ,-5
712.960938 ,-159.999786 ,-5
713.711166 ,-159.999786 ,-5
714.461395 ,-159.999786 ,-5
715.211639 ,-159.999786 ,-5
715.961868 ,-159.999786 ,-5
716.712112 ,-159.999786 ,-5
717.461487 ,-159.987366 ,-5
718.208588 ,-159.942352 ,-5
719.033356 ,-159.846039 ,-5
719.766403 ,-159.708435 ,-5
720.489136 ,-159.522980 ,-5
721.206558 ,-159.306885 ,-5
721.920547 ,-159.066650 ,-5
722.706253 ,-158.771210 ,-5
723.406631 ,-158.482819 ,-5
724.096481 ,-158.177460 ,-5
724.779678 ,-157.857422 ,-5
725.457336 ,-157.525482 ,-5
726.129288 ,-157.184235 ,-5
726.797501 ,-156.835388 ,-5
727.537109 ,-156.442871 ,-5
728.200546 ,-156.088287 ,-5
728.861008 ,-155.732574 ,-5
729.520462 ,-155.376617 ,-5
730.180069 ,-155.022003 ,-5
730.840225 ,-154.669037 ,-5
731.501251 ,-154.317657 ,-5
732.163361 ,-153.967865 ,-5
732.827103 ,-153.619995 ,-5
733.492340 ,-153.274200 ,-5
734.233047 ,-152.892029 ,-5
734.901016 ,-152.549805 ,-5
735.569839 ,-152.209137 ,-5
736.239365 ,-151.869934 ,-5
736.909210 ,-151.532013 ,-5
737.579376 ,-151.195251 ,-5
738.249680 ,-150.859375 ,-5
738.920547 ,-150.524139 ,-5
739.591400 ,-150.189514 ,-5
740.336716 ,-149.818054 ,-5
741.008041 ,-149.483917 ,-5
741.679520 ,-149.149811 ,-5
742.351013 ,-148.815643 ,-5
743.022491 ,-148.481415 ,-5
743.693985 ,-148.147125 ,-5
744.365387 ,-147.812714 ,-5
745.111328 ,-147.440979 ,-5
745.782730 ,-147.106323 ,-5
746.454132 ,-146.771576 ,-5
747.125000 ,-146.436737 ,-5
747.795776 ,-146.101837 ,-5
748.466553 ,-145.766846 ,-5
749.137344 ,-145.431763 ,-5
749.808044 ,-145.096619 ,-5
750.478821 ,-144.761353 ,-5
751.149612 ,-144.425934 ,-5
751.894913 ,-144.053284 ,-5
752.491165 ,-143.755096 ,-5
753.161942 ,-143.419617 ,-5
753.907257 ,-143.046875 ,-5
754.578049 ,-142.711426 ,-5
755.248825 ,-142.375946 ,-5
755.919601 ,-142.040466 ,-5
756.590393 ,-141.705078 ,-5
757.261169 ,-141.369690 ,-5
758.006485 ,-140.997040 ,-5
758.677261 ,-140.661530 ,-5
759.348038 ,-140.326050 ,-5
760.018829 ,-139.990601 ,-5
760.689606 ,-139.655121 ,-5
761.360382 ,-139.319672 ,-5
762.031174 ,-138.984222 ,-5
762.701950 ,-138.648804 ,-5
763.447266 ,-138.276093 ,-5
764.118042 ,-137.940704 ,-5
764.788818 ,-137.605316 ,-5
765.459610 ,-137.269928 ,-5
766.130386 ,-136.934540 ,-5
766.801163 ,-136.599152 ,-5
767.546478 ,-136.226501 ,-5
768.217255 ,-135.891113 ,-5
768.888046 ,-135.555725 ,-5
769.558823 ,-135.220337 ,-5
770.229599 ,-134.884918 ,-5
770.900391 ,-134.549530 ,-5
771.645691 ,-134.176880 ,-5
772.316483 ,-133.841492 ,-5
772.987259 ,-133.506104 ,-5
773.658035 ,-133.170715 ,-5
774.328827 ,-132.835327 ,-5
774.999603 ,-132.499939 ,-5
775.670380 ,-132.164551 ,-5
776.341171 ,-131.829163 ,-5
777.011948 ,-131.493774 ,-5
777.682724 ,-131.158356 ,-5
778.428040 ,-130.785706 ,-5
779.098816 ,-130.450317 ,-5
779.769608 ,-130.114929 ,-5
780.440384 ,-129.779541 ,-5
781.111160 ,-129.444153 ,-5
781.781952 ,-129.108765 ,-5
782.452728 ,-128.773376 ,-5
783.123505 ,-128.437988 ,-5
783.794296 ,-128.102600 ,-5
784.465073 ,-127.767212 ,-5
785.210388 ,-127.394531 ,-5
785.881165 ,-127.059143 ,-5
786.551941 ,-126.723755 ,-5
787.222733 ,-126.388367 ,-5
787.893509 ,-126.052979 ,-5
788.564285 ,-125.717621 ,-5
789.235077 ,-125.382233 ,-5
789.980392 ,-125.009583 ,-5
790.651169 ,-124.674194 ,-5
791.321945 ,-124.338806 ,-5
791.992737 ,-124.003418 ,-5
792.663513 ,-123.668030 ,-5
793.334290 ,-123.332642 ,-5
794.005066 ,-122.997223 ,-5
794.675858 ,-122.661835 ,-5
795.421173 ,-122.289185 ,-5
796.091949 ,-121.953796 ,-5
796.762726 ,-121.618408 ,-5
797.433517 ,-121.283020 ,-5
798.104294 ,-120.947632 ,-5
798.775146 ,-120.612183 ,-5
799.445938 ,-120.276794 ,-5
800.191238 ,-119.904144 ,-5
800.862030 ,-119.568756 ,-5
801.532806 ,-119.233368 ,-5
802.203583 ,-118.897980 ,-5
802.874374 ,-118.562592 ,-5
803.545151 ,-118.227203 ,-5
804.215927 ,-117.891815 ,-5
804.886719 ,-117.556427 ,-5
805.632019 ,-117.183746 ,-5
806.302811 ,-116.848358 ,-5
806.973587 ,-116.512970 ,-5
807.644363 ,-116.177582 ,-5
808.315155 ,-115.842194 ,-5
809.060471 ,-115.469543 ,-5
809.731247 ,-115.134125 ,-5
810.402023 ,-114.798706 ,-5
811.072800 ,-114.463318 ,-5
811.743591 ,-114.127991 ,-5
812.414368 ,-113.792603 ,-5
813.085144 ,-113.457184 ,-5
813.830460 ,-113.084534 ,-5
814.501251 ,-112.749146 ,-5
815.172028 ,-112.413757 ,-5
815.842804 ,-112.078369 ,-5
816.513580 ,-111.742981 ,-5
817.258911 ,-111.370331 ,-5
817.929688 ,-111.034943 ,-5
818.600464 ,-110.699554 ,-5
819.271240 ,-110.364136 ,-5
819.942017 ,-110.028748 ,-5
820.612793 ,-109.693359 ,-5
821.283600 ,-109.357971 ,-5
821.954376 ,-109.022583 ,-5
822.625153 ,-108.687195 ,-5
823.295929 ,-108.351807 ,-5
823.966705 ,-108.016418 ,-5
824.712036 ,-107.643768 ,-5
825.382813 ,-107.308380 ,-5
826.053589 ,-106.972992 ,-5
826.724365 ,-106.637573 ,-5
827.395142 ,-106.302185 ,-5
828.065918 ,-105.966797 ,-5
828.736725 ,-105.631409 ,-5
829.407501 ,-105.296021 ,-5
830.078278 ,-104.960632 ,-5
830.823578 ,-104.587952 ,-5
831.494354 ,-104.252563 ,-5
832.165161 ,-103.917145 ,-5
832.835938 ,-103.581757 ,-5
833.506714 ,-103.246368 ,-5
834.177490 ,-102.910980 ,-5
834.848267 ,-102.575592 ,-5
835.519043 ,-102.240204 ,-5
836.264374 ,-101.867554 ,-5
836.935242 ,-101.532166 ,-5
837.680542 ,-101.159515 ,-5
838.351318 ,-100.824097 ,-5
839.096649 ,-100.451447 ,-5
839.767426 ,-100.116058 ,-5
840.438263 ,-99.780640 ,-5
841.109070 ,-99.445251 ,-5
841.779846 ,-99.109863 ,-5
842.450623 ,-98.774475 ,-5
843.121399 ,-98.439087 ,-5
843.792175 ,-98.103668 ,-5
844.537506 ,-97.731018 ,-5
845.208282 ,-97.395630 ,-5
845.879059 ,-97.060242 ,-5
846.549835 ,-96.724854 ,-5
847.220612 ,-96.389465 ,-5
847.891388 ,-96.054077 ,-5
848.636719 ,-95.681427 ,-5
849.307495 ,-95.346039 ,-5
849.978271 ,-95.010651 ,-5
850.649048 ,-94.675232 ,-5
851.320007 ,-94.339783 ,-5
851.990784 ,-94.004395 ,-5
852.661560 ,-93.669006 ,-5
853.332336 ,-93.333618 ,-5
854.077637 ,-92.960938 ,-5
854.748444 ,-92.625549 ,-5
855.419220 ,-92.290161 ,-5
856.089996 ,-91.954773 ,-5
856.760773 ,-91.619385 ,-5
857.431549 ,-91.283997 ,-5
858.176880 ,-90.911346 ,-5
858.847656 ,-90.575958 ,-5
859.518433 ,-90.240570 ,-5
860.189209 ,-89.905182 ,-5
860.859985 ,-89.569763 ,-5
861.605316 ,-89.197113 ,-5
862.276093 ,-88.861725 ,-5
862.946869 ,-88.526337 ,-5
863.617645 ,-88.190948 ,-5
864.288422 ,-87.855560 ,-5
864.959198 ,-87.520172 ,-5
865.704529 ,-87.147522 ,-5
866.375305 ,-86.812134 ,-5
867.046082 ,-86.476715 ,-5
867.716858 ,-86.141327 ,-5
868.387634 ,-85.805939 ,-5
869.058441 ,-85.470551 ,-5
869.729218 ,-85.135162 ,-5
870.399994 ,-84.799774 ,-5
871.070770 ,-84.464386 ,-5
871.816101 ,-84.091736 ,-5
872.486877 ,-83.756348 ,-5
873.157654 ,-83.420959 ,-5
873.828430 ,-83.085571 ,-5
874.499207 ,-82.750153 ,-5
875.169983 ,-82.414764 ,-5
875.915314 ,-82.042114 ,-5
876.586090 ,-81.706726 ,-5
877.256866 ,-81.371338 ,-5
877.927643 ,-81.035950 ,-5
878.598419 ,-80.700562 ,-5
